Id;Title;Body;Tags;Score;ViewCount;FavoriteCount;CreationDate;AnswerCount;Code
4;c decimal;error app type opacity tran variable;c#,floating-point,type-conversion,double,decimal;810;78382;;2008-07-31 21:42:52;13;
11;c # time;value time;c#,datetime,time,datediff,relative-time-span;1656;203898;;2008-07-31 23:55:37;42;"DateTime
2 hours ago
3 days ago
a month ago"
13;user timezone;server header string part way page user web timezone;html,browser,timezone,user-agent,timezone-offset;723;312544;;2008-08-01 00:42:38;27;user-agent
19;way value ;challenge define stuff assembly atan no way builtin flag op diffclockclock_t wall program optimization timeh clock iters test theory asmfldpi fn return m_pi system x ffast sh testwithx script top configuration testwithfldpi # printfst int gcc fldpic i pitimesc case option diff clock_t constant auto build version number value e _ baseline pi fno in order time math compiler inline t endif fold testing bit gcc warmup lm fldpi clocks_per_sec ;performance,algorithm,language-agnostic,unix,pi;353;71282;;2008-08-01 05:21:22;23;"#define
M_PI
4 * atan(1)
atan(1)
-fno-builtin
atan2(0, -1)
pitimes.c
fldpi.c
build.sh
atan2(0, -1)"
25;api c c z socket;error c af_inet wc socketsh rundown inet line z c os endif idea compile check following file os statement name api c xplink ifdef output object problem declaration fact type app socketh wl s oe_sockets test lookup link int compile definition return sys issue inet programmer c compilation socket time;c++,c,sockets,mainframe,zos;176;16578;;2008-08-01 12:13:50;9;"sys/socket.h
AF_INET
#ifdef
_OE_SOCKETS
#ifdef"
7998733;xml chunk file sax dom java;pstart entity xml callback anode framework sax handler node idealparser tag sax psethandlernew process file end d world method dothingwithnoded nodes kind idealparserbigfilexml content problem xpath parser handler anodeisfoundsaxnode anodeexpand dom chunk psetrelevantnodespathpath domnode task library memory java p event;java,xml,dom,xpath,sax;6;7111;;2011-11-03 16:51:30;4;
25992632;repeatability opencv result sense;repeatibility row repeatibility criterion result repeatability sift correspondence surf number method regards detectors keypoint value corrcounter correspond formula repeatability ;opencv,image-processing,feature-detection,evaluation,sift;5;1118;;2014-09-23 10:21:05;2;
16493577;mvc mass abstraction view version level;select array line approach change con database serialize element interchangeability page file load name code input level guy content mvc html view version markup pain form set controller dozen definition label pro;php,codeigniter,templates,model-view-controller,mvvm;0;66;;2013-05-11 03:54:59;1;"array('select' =&gt; array('label' =&gt; ""element 1"", 'class =&gt; ""big""), 'select', 'input', 'input')"
7998773;internet radio guru php;server stream php help second radio port radio url webserver bitrate solution max type mime minute internet clue execution time;php,apache,mp3,audio-streaming,internet-radio;3;3482;;2011-11-03 16:53:56;4;
88;gettimeofday resolution microsecond;queryperformancecounterlarge_integer x starttimevaltv_usec way game linux process os port api portable currenttimevaltv_sec bool up bit program frequency machine gettimeofdaycurrenttimeval useconds starttimevaltv_sec null kernel performancecount variable start currenttimevaltv_usec;linux,winapi,visual-c++,unix,timer;107;45359;;2008-08-01 14:36:18;10;"QueryPerformanceCounter
QueryPerformanceFrequency()
uSeconds"
25992619;application event aspnet web; row handles case event show rowcommand private thank gridview end left dim object convert byval up commandargument uiwebcontrol web onclick button onclick sender index e sub gridview baloon sub pop system;jquery,asp.net,vb.net,events,gridview;0;3195;;2014-09-23 10:20:16;1;
109;cast c#vbnet sql t;byturlinturlindex t txtdecodedtext vbnet thing array result point getstring couple balk binary character byte detail urldecodetxturltext decla string portion inturlindex part way length encoding snippet loop encoding code luck method input debugger sql resurgence getstringencoding decoder type text cast format attempt injection attack web byturlchar command boolisdone pair site getbytestxturltext intparseindex server system asprox tool ascii unicode time;c#,sql,vb.net,ascii,hex;68;6245;;2008-08-01 15:23:05;2;
25992683;database mysql rank;row moment set song_ranking example help en rank database thank song_like like song_ranking advance r table desc set ranking day issue position song order song_board_t php;php,mysql,sql,database,mariadb;2;824;;2014-09-23 10:23:30;1;
129;server datum mysql sql;row call key comma trigger relationship csv database mysql string copy base datetime delimiter statement bcp sql assumption head type view table procedure csv pruning lot set simplification integer server tool datum float db;mysql,sql-server,csv,sql-server-2005,bcp;89;96897;;2008-08-01 16:22:42;5;SQL Server 2005
25992706;beginner laravel framework yii;knowledge ecommerce opencart month codeigniter site problem l project process framework hmvc opinion laravel blogging deadline yii;php,codeigniter,laravel,yii,frameworks;3;11258;;2014-09-23 10:24:37;3;
7998816;import namespace load statement pyimport_importmodule;import error difference c call pyobject pyinit_embvoid namespace emb_foo args equivalent line pyimport_importmodule example embn const pymethoddef char pymodule_createembmodule documentation traceback script string nameerror interpreter way pyimport_importmoduleemb manner emb local statement definition embmodule pymoduledef_head_init name api function pyimport_importmoduleex pyinit_emb python pyrun_simplestringimport program embmethods work self mistake scope land pymoduledef test static int null pyimport_appendinittabemb return py_finalize c user in meth_varargs foo module path global file;c++,python,import,python-c-api,python-embedding;8;5562;;2011-11-03 16:57:29;1;"emb
import emb
emb
__import__()
__import__()
PyImport_ImportModule"
146;download file;server clip link download webalizer way website host file code log play method flash player web number plan hit javascript user distinction song time;php,apache,logging,download,analytics;90;22058;;2008-08-01 17:14:58;8;
7998818;file mvc appdelegate;iphone difficulty controller diagram model category ipad appdelegateh process file programming template mvc concept none application fit flowchart view;ios,cocoa-touch,model-view-controller,design-patterns,delegates;13;3197;;2011-11-03 16:57:39;4;
7998843;qtreeview model qt dom;xml itemnodenodename dommodel qdomdocument thing case qdomnode domitemindexinternalpointer qdomitem qtreeview itemnodesetnodevaluevaluetostring break node dommodelsetdataconst example bool const revert clicking qtreeview role flag static_cast enter name qt function qteditrole qmodelindex class column indexcolumn tree attribute item work dom int value index domitem qtitemiseditable itemnodeattributes qabstractitemmodel qvariant model system;xml,qt,dom,qtreeview,qtxml;0;2938;;2011-11-03 16:59:31;1;
25992709;dimension bufferedimage;reason import parent height serif args thisgetgraphics constructor stringheight jframe iconimage javaawtimage detail jlabelnew string functionality thank way stringheight font code mean input width bufferedimage javaawt mainstring class font black bufferedimage text dimension working size thissetdefaultcloseoperationexit_on_close iconimagetest test test int plain javaxswing fontsans suggestion void iconimagestring advice order question;java,swing,fonts,font-size,bufferedimage;2;1002;;2014-09-23 10:24:42;2;"BufferedImage
graphics2D
BufferedImage
BufferedImage"
361;permutation string list;string permutation length character y x language list;string,language-agnostic,cross-platform,permutation,combinatorics;168;214725;;2008-08-02 06:57:57;36;
382;generic type safety warning meaning java;list object getmylist type warning safety cast code integer meaning java information object list;java,generics,warnings,casting,type-safety;80;10370;;2008-08-02 08:58:27;1;
16493645;javascript equivalent keyup keydown jquery;context documentkeydownkeypress stackoverflow link unset documentkeyupkeyoff equivalent leftpress javascript function keyoffevt jquery rightpress evtkeycode;javascript,jquery,html,css,keypress;4;7122;;2013-05-11 04:07:12;2;
7998963;stream auth cookie server ios audio;server user simulator u iphone nsurlconnection path cookie range language gzip mpmovieplayercontroller mpmovieplayercontroller encoding host file serverexamplenet nsurlconnection authentication os identity avplayer cpu header ns resource somekey en_us id request cookie agent version url connection session mac x playback accept ns avplayeritem proxy ;ios,cookies,stream,mpmovieplayercontroller,avplayer;6;3356;;2011-11-03 17:05:46;2;initWithContentURL
549;website guide form authentication;checkbox thing setting use browser cookie managing example urls topic rule stack functionality digest website lock ssl openid role moderator authentication note overflow nonce topicality editing csrf answer variation content resource problem mail strength article format validation password username request subtopic experiment authorization url subject form value fit encryption issue autocompletion forgery question guideline;forms,http,security,authentication,language-agnostic;5511;690753;;2008-08-02 19:51:50;11;
7998992;jquery javascript;reason postback windowload typetext jquery custom dopostback stopped getmoreresults trigger alot script thank part one page load code function var scrollingdiv class solution documentreadyfunction startup windowscrollfunction uniqueid none page script scrollfix margintop _ basepage documentheight javascript windowheight dopostback time;javascript,jquery,asp.net,ajax,updatepanel;1;1104;;2011-11-03 17:07:10;3;
588;way exchange php;server app contact book thing email php com windows justin requirement idea functionality way webdav apache function c object customer bit cms # preference web application address site iis report john user running product exchange service update time;php,windows,exchange-server,webdav,mapi;58;60703;;2008-08-03 00:03:58;9;
7999001;zip python trouble loop function;python t result textende es score_addt t transt typeerror length esappendexit_scoret end textendb fore function score_addteam zipteam code exit_scores output def list exit score_addb lenlist score explanation wrong life zipt team exit_score exit_scorelist value form e return position integer b b print;python,list,dictionary,for-loop,zip;0;5179;;2011-11-03 17:08:11;2;
594;result;result way tradeoff set;python,sql,database,oracle,cx-oracle;55;60798;;2008-08-03 01:15:08;3;
7999032;mongodb user authentication model django;post error uid databaseerror thing setting sqlite option relationship userobjectscreate_userusername postgre question relation adduser accountsuser method passwordsuser django adduser year adduserrequest configuration solution psave setup mongodb auth password nosql request engine none mongo post usave user popularity response u p authenticateusername lot system;python,django,authentication,mongodb,mongoengine;1;1403;;2011-11-03 17:10:07;1;
35563758;time issue delay series prediction;behavior result link walmart tip dollar unit section stock thank series delay demand code output variation time price article bug energy month exchange issue network plot datum australia time;matlab,machine-learning,neural-network,time-series,forecasting;3;4301;;2016-02-22 21:02:13;1;
16493648;error handling way jsonnet phone window;ex api error result windows message try way project status phone code c rest json eye target structure class exception type # catch deserializing datum;c#,json,windows-phone-7,windows-phone-8,json.net;0;233;;2013-05-11 04:07:44;1;
7999054;bundle name file;target class app solution bundle file name test path nib;objective-c,xcode,unit-testing,nsbundle,octest;0;798;;2011-11-03 17:11:38;1;[NSBundle bundleForClass:[self class]]
696;ibm i php;server overkill software option ibm checking idea openbsd website project linux iseries end luck roadblock json representation centos table zendcore transaction kernel driver extension emulation datum system;php,database,odbc,db2,ibm-midrange;37;9243;;2008-08-03 14:03:28;8;PHP5/Apache 1.3/OpenBSD 4.1
16493652;constexpr class scope function;int error x compiler expression g way return const array arraysize bug size code variable struct ;c++,c++11,compiler-errors,g++,constexpr;29;9783;;2013-05-11 04:08:22;3;"constexpr
class
static
constexpr"
45684747;row bar scale plot facet layout;row surprise handbook group rearrangement bar result letter trialfacetsrow librarydplyr option line strip example data facet newvalueperiodrow y page identity variant dataset function omission situation problem package solution aesx scale format graph newvar mtcar yy xx value librarytidyr period trialfacetsreadcsvtextperiod gatherkey newvalueperiod hope mpg library variable plot first datum;r,ggplot2,facet,facet-wrap,facet-grid;5;7638;;2017-08-15 00:03:31;3;"ggplot2
facet_grid()
facet_wrap()
facet_grid()
scales=""free_y"""
45684749;timezone log java;date result simpleformatterlevel millis oracle handler software javautilloggingconsolehandlerlevel record output aug consolehandlerlevel javautilloggingfilehandlerformatter xmlformatter web adaptermanager combeaconsoleutilsmbeanutilslevel h print java property system level info error linux line message combeaconsoleutil new file commerce lib # javautilloggingfilehandlerlimit box clst simpleformatter atg consoleloghandlerformatter consolehandler user orgapachebeehivenetuipageflowscopinginternallevel systemcurrenttimemillis server error orgapachestrutslevel stack error mtimestamp help combeaconsoleutilsconsolemessagesbackingfilelevel orgapachebeehivenetuipageflowinternal fatal systemoutprintlndat class javautilloggingfilehandlercount warning oracle consoleloghandler home warning timestamp jre combeaconsoleutilsmastercontrolprogramlevel clst simpleformatter time filehandler lun behavior mon consoleloghandlerlevel javaulog warn weblogic datsettimemillis level log info directory orgapachecommonsdigesterlevel combeaconsoleutilsmbeanchangemanagerlevel jvm date finest information application timezone month default combeaconsoleactionsbaseconsoleactionlevel console weblogic handlers javautillogging combeaconsoleactionsmessagesmessagesactionlevel debug daylight step datum;java,logging,weblogic12c,atg,oracle-commerce;1;2698;;2017-08-15 00:03:33;1;"server.log
server.out
atg.nucleus.logging.ApplicationLogging
atg.nucleus.logging.LogEvent
logging.properties
/weblogic/12.1.3.0.0/wlserver/server/lib/consoleapp/consolehelp/WEB-INF/classes/logging.properties"
45684753;jquery fn property;jqueryjplayerminjsscript error moment typetext university point line autoblur section src script project swfpath music page usestateclassskin function thisjplayersetmedia remainingduration problem head html smoothplaybar documentreadyfunction beginning web window jquery application javascriptscript script toggleduration _ javascript song reload srcjs time;javascript,jquery,html,ruby-on-rails,jplayer;0;488;;2017-08-15 00:03:49;1;"&lt;%=render ""reload""%&gt;"
7999087;analyse grails explain query gorm postgresql;translevel closure analysis sub result transactionlogger query hibernate sqllogger loggergetloggerorghibernatetransaction doc info thank way sqlloggersetlevelcurrentlevel statement executeclosure gorm postgresql sql def run currentlevel class usage trace hibernate eqbreedgreyhound sqlloggersetlevellevel dogcreatecriterialist level loggergetloggerorghibernate restriction execute trace criteria logger explain level db;sql,hibernate,postgresql,grails,grails-orm;2;1186;;2011-11-03 17:14:13;1;
7999093;row listview change image;row multi xml checkbox app group thing off array intobj selector selector custom while example help checkbox_off apk listview imageview gerbil cat integeri recycling dog phone code integer imageview checkboxoff ifleftalcontainsposition checkbox_pressed_off list leftal res egg item drawabledrawable gerbil imageviewsetimageresourcerdrawablecheckbox onclick xmln lviewgetchildatpositionfindviewbyidridcheckbox int number set screen leftaladdposition android image position issue let hog instance fox imageviewsetimageresourcerdrawablecheckboxoff;android,listview,imageview,row,multi-select;0;1011;;2011-11-03 17:14:51;1;
45684714;name product electron app;distributable app react author field make darwin packagename devdependencies raspberry license program dependency plugin compile statusclient electroninstallerdebian async generator import npm packagejson env linux preset windowsstoreconfig electron src section script electronwinstallerconfig file status d mit squirrel problem electroninstallerredhat status_client babel i lint i error ideas airbnb charm project ubuntu package version electronpackagerconfig value pi prebuilt transform zip eslint notification config name keyword github_repository client manos forge jsx foo owner description kounelakis start;ubuntu,debian,electron,deb,electron-forge;0;1773;;2017-08-14 23:59:37;2;"electron-forge
name
package.json
status-client
productName
Utilities
productName
package.json
package.json
Foo
package.json
status-client
electron-forge make"
35563817;issue cursor;fine below link word letter inputvalue alphas help control ngmodel string element part end code function var input attrs ngmodelparsersunshiftfunction inputvaluesplitfilterfunction problem zg cursor s text example scope alpha directive test box a return g position abcdefg za time;javascript,jquery,angularjs,angularjs-directive,angularjs-scope;0;606;;2016-02-22 21:05:11;1;
35563830;appium mac simulators web automation; bundle iphone io application binusr instrumentsshimdyliblib_pathapplication amd success radeon err platform appium coresimulator appium client safari uiaresultspath mmap test watch mac clientjsinstrumentssocktmp rev bash serveruri env retina inch string appiumio command process file lib wd udid error pro login gui daemon feb pwdusers comapplelaunchd webkit startup automation shellbin _ capture folder platform time socket timespan pro debug usr uiauto macbook xpc_service_namecomappium machine usr developer address setcapabilityplatformname setdriverdesiredcapabilitie id uiascript devtoolssecurity listener drivermanager args authorization version killall ipad os tmp rest appiumapp tools ios web dmg company proxy return loglevel simulator instrumentsapp testingpractice tmp mapping idea managetimeoutsimplicitlywaittimespan status startuporigvalueinstrument support stderr fixdevice objectinstrumentsoninstrumentsexit localizablestring get x sdk apple sim contents uri automationinstrumentxrplugin xcode killall ios erase chrome resources containers debug comapplemobilesafari currentdriver pwdapplications value submodule node known checks dyld nodepathapplication command capitan pathusr cookiesbinarycookie guidance name list iosdriver mac client doctor bin agent application session session instrument applications path datum post thing apple_pubsub_socket_renderprivate el data delay timeout binary studio bootstrap data declare tv caches library launch nodecommandproxyclientpathapplications following hub code object problem # gb startupsessionidnull nodemodule image user applications capability simctl user getios listeners ms processchildprocesshandleonexit version localstorage number sbinsbin webappcachedb db mon simulators safari license node binbinusr retry check render log show air directory opt setup command intel automationtracetemplate core app wd ie usertestingpractice interface cachedb output desiredcapabilities locale instruments_sock users static detecting instruments_sockinterkeydelaynulljustloopinfinitelyfalseautoacceptalertsfalseautodismissalertsfalsesendkeystrategyonebyone iwebelementserveruri firefox console segmentmap script mm executing c node_modules mb reset selenium homeuser pmztbrwzts comapple dyld_insert_librariesapplication server windows info thirdparty xcodeapp class auto android devices flow uri tmpdirvar visual snapshots draco retrie setting library null type segment_text dir preference device lognametestingpractice default geolocationsitesplist plugins driver line automation;c#,ios,selenium,mobile-safari,appium;0;1134;;2016-02-22 21:05:50;1;
59083136;headphone;setting category avaudiosession sound avaudiosessioncategoryoption sharedinstancesetactivefalse allowbluetooth code speaker categoryoptions playandrecord cast audio headphone session sharedinstancesetcategoryavaudiosessioncategory defaulttospeaker bluetooth void avaudiosession xamarin setup;ios,xamarin,audio,avaudiosession,red5pro;1;159;;2019-11-28 06:46:42;1;
7999117;html font php;row side result topicidrowid row effect menu topic mysql_queryselect mysql code onmousein padding stylecolor# list onmouseoverthisstyletextdecoration asc font classboxhelpitem mysql_fetch_arrayresult text faq_topics echo item faq div faq_question onclickfaqget onclick number indicator site li db user order php;php,list,onclick,echo,html-lists;0;360;;2011-11-03 17:16:39;1;
35563856;policy npgsql error security local windows network; ex npgsql getdirectoryentry authenticationrequest result try username pgdb minpoolsize empty eventargs select writestring messageboxbutton pooling disable way ssl pgconnection filltestdata host authentication get closed logname method public npgsqlcommand match pgconnection security object exception pgsqlusername pgdbstate pgutil studio environment web directoryservices context pgsqlserver company searchresult nuget loglevel library host direntry pgsqlserverport commandtimeout level system dim new datatable iii pgdbdispose local class iso message npgsqlstartupstate policy database edit string file string end dim code sslmode mydirectory database pgadmin pgdbclose security function postgresql useextendedtypes timeout end pgsqlserverip writetostream messagebox partner sub directory read network user testdata server nothing findone messageboxdefaultbutton pgcommand question pgdbopen npgsqlstartuppacket server error reference case port error showex point npgsqldataadapterpgcommand rdp npgsqlclosedstate active documentation return entering friend npgsqlclosedstate workaround getactivedirectoryusername npgsqlcommandtestsql direntry pgcommand messageboxicon lm statement npgsqlconnection datestyle fatal exception debug class then resource processbackendresponse work connected business use writebytes version npgsqldataadapter testsql option normal syncnotification port getdirectoryentry user instance npgsqlconnectionpgconnection visual e sspi ntlm manager service enlist system lan time handles pg_sspi_error open update npgsqlstate npgsqleventlog setting readstring preloadreader compatible change connectionstate pgusername detail send connectionlifetime part token database filter imports log function failure testing pgadapter attempt setup npgsqlpasswordpacket pm integrated application errorresponse workstation connection console protocol session set npgsqlexception maxpoolsize directoryentry dispose issue debug connectionstring connectionstring response search id security log_byteswritten path network;vb.net,postgresql,security,npgsql,ntlmv2;0;276;;2016-02-22 21:07:33;1;"gpupdate /force
PGDB.Open()"
855;comment xml documentation api;xml formatting bridge baggage try documentation way process msdn style sandcastle output eye tester solution paragraph studio mind xslt visual person non lot time;visual-studio,xslt,documentation,sandcastle,xml-comments;21;3505;;2008-08-03 22:03:37;6;
7999135;way character m file;exec name link line character stackoverflow positive remedy ending file edit f d r directory fact none vim fgrep grep m type crlf php;php,bash,replace,line-endings,newline;1;1672;;2011-11-03 17:19:02;4;
16493690;flushaction lazy attribute;error carbase flushaction override line change solution getitem car thank loading way sessionscope project carbase save usingsessionscope code object method car person class lazy bussine sessionscopeflushaction problem solution fact additionaly attribute mysolution advance orm fetchwhen auto tostring carbase session set oninvoke pd domain person foo ifcarbase vs property;c#,nhibernate,orm,lazy-loading,castle-activerecord;3;375;;2013-05-11 04:15:48;1;
888;script php;script phpeclipse way error debugging phpstorm breakpoint ide reporting term php;php,eclipse,debugging,phpstorm,xdebug;402;358191;;2008-08-03 23:18:21;30;
7999149;control uiscrollview;coord hidden form uiscrollview xy way coordinate view page wysiwig interfacebuilder code approach order uiscrollview control ib uiview;ios,uiview,uiviewcontroller,uiscrollview,interface-builder;0;1411;;2011-11-03 17:20:17;2;
59083210;field convert date time;number database column reload field day type issue format date screenshot server table sql time;sql,sql-server,date,time,timestamp;0;770;;2019-11-28 06:52:24;1;"date modified
time modified
timestamp
max
hh:mm:ss
(e.g. 3591859)"
68692878;docker label ecs aws;pathprefixapi set set cpus app args traefik jakub debug data listtasks le limit port server_namedomainvariable providersecs providersecsexposedbydefault production stacktraefik_tagvariable context ec proxy setbackend memory install_dev back describeinstances database doc thank traefik file end redirectredirectschemescheme statement configuration lib attribute redirect postgresql providersecscluster mycluster listclusters describetasks traefikdockernetworktraefik_public_networkvariable label pathprefixdocs image describetaskdefinition task network frontend stack environment effect labeltraefikconstraint redirectredirectregexreplacement ecs describecontainerinstance backend resource describeclusters build version warning providersecsconstraints servicesdeploylabel service resource ecs hint pgdata setwww settag role depends_on envlocal name setproxy feature bit m default command aws pathprefix action pgdatavar db pathprefixredoc docker loglevel;amazon-web-services,docker,deployment,docker-compose,amazon-ecs;1;661;;2021-08-07 13:38:39;1;docker compose up
25992741;indent image uitextfield uiimage ios;side imagenamedcustom_image indent uiimage space image code problem solution text border setleftviewmode textfield size uitextfieldviewmodealway view uiimageview image property;ios,objective-c,iphone,uiimage,uitextfield;10;8589;;2014-09-23 10:26:14;3;"UITextField
UIImageView
leftView
UITextField"
1037;flash winforms content # c application;winforms content disk flash sort way stream image # current user file c application control;c#,winforms,flash,adobe,macromedia;40;37513;;2008-08-04 05:35:52;2;"Flash
PictureBox"
1042;result text word indexing full sql;result letter query table select c sql column c# text searchfield # freetextsearchfield index server instance freetext;sql,sql-server,sql-server-2005,indexing,full-text-search;26;9472;;2008-08-04 05:51:56;2;
25992755;class model yii;row create class parent field trouble detailsgeoscan following ar problem detailsgeoscanmodelfindallarrayconditionprojidmodelprojid relation line job model example jobs table;php,yii,model,parent-child,extends;0;413;;2014-09-23 10:26:47;1;"jobs
detailsgeoscan
detailsseismic
details3d
CActiveRecord
detailsgeoscan
jobs
jobs
detailsgeoscan
detailsgeoscan
jobs
detailsgeoscan
PROJID"
7999167;code view;controller object part view tutorial code delegate application;objective-c,ios,cocoa-touch,uiview,uiviewcontroller;0;210;;2011-11-03 17:21:29;2;
1069;heap corruption ;desperation moment app cpu no shipping second application try dialog os select way corruption hour flag transfer speed guy guess rest workspace suspicion program watson crash implementation studio verifier test projects hell vandal downside rate memory library place system stack overflow code sign code problem release fact representation consuming box prompt cause g read c component light delta tool question lot ram couple disk act core environment stack option rub help category dump project timing exception debug cpu throughput build repository bug instrumentation grunty corruptor et suggestion visual failing purify vs socket time update analysis behavior heap source dr setting choice rational old change runtime tomorrow note microsoft al colleague rewrite machine generation dev application month power minute set hope issue operator datum;c++,windows,multithreading,debugging,memory;65;39353;;2008-08-04 07:30:01;15;"Visual Studio 98 / AKA MSVC6
alloc;
VS2008/MSVC9
50%
1.3G
E6550 Core2 Duo
new
delete
VirtualAlloc
VirtualProtect
MSVC6
new
delete
new[]
delete[]
STL
VS98
Dr Watson
WinDebug
C/C++ tab"
25992785;error assets app android folder cordova plugin;srccordova_pluginsjsscript error app calendarjsscript help calendar script thank fncsjsscript success file js note var structure cordova html title jss typetext srcjs home windowpluginscalendarcreatecalendarcalendarname android functionmessage location javascript startdate github folder srccordovajsscript event;javascript,android,cordova,plugins,phonegap-plugins;0;300;;2014-09-23 10:28:52;1;
16493753;sparse fortran matricie;amount fortran sort management cheers array subroutine re help storage data matrix thank element way manner modification background sparse code function method program type dimension implementation machine w application matricie intel zero library memory place module ram;arrays,memory-management,fortran,sparse-matrix,sparse-array;0;692;;2013-05-11 04:25:53;1;
1108;indexing work;database column field size query information indexing increase datum level;sql,database,performance,indexing,database-indexes;2894;1127996;;2008-08-04 10:07:12;7;
25992789;sencha localstorage localstorageproxy touch datum;thisvalidateemailpropertiessemail app settingscontroller sie extdefinestore field storeaddpropertie settingsstore record flag var method bitte settingsid stoken adresse proxy nicht onsavesettingsbuttontap launch property email gltig idproperty propertiesbemail idea thank string d extdataproxy localstorage eine mainviewpop storeload gltige int localstorageproxy lwvmediaremindermodel auch i functionbutton msgalert semail model geben an store ext thisgettokenfieldgetvalue chrome localstorage autoload eopts validation recordsetpropertie alia e model extdata browser bemail storesync setting thisgetmainview bpush extend config name mainview propertiessemail storeid type docs application thisgetemailfieldgetvalue form datum;javascript,html,extjs,touch,local-storage;0;477;;2014-09-23 10:29:14;1;
7999227; update copy script problem svn failing commit post;error readme cm email thing selfsmtppassword point line revision message commit detail script copy apache file one daviddavebooklocalworkspace netsmtp subversion object mean subversion svn merge croak problem text commit command mfxcm g issue trunk user hook module datum perl time;perl,svn,smtpclient,post-commit,post-commit-hook;1;609;;2011-11-03 17:25:14;1;"Net::SMTP
MERGE
MERGE"
16493807;web site;design moment outher razor sort right point twitter orientation twitter ratio bootstraps tag renderbody fix emulator css section relstylesheet need bootstrap aspect way body file one phone wrapper rootdiv idbody classfloat structure class header content webiste declaration laptop head html title footer fluid size device div bootstrap site cell mismatch _ user iconsmincss p capability idfb simulator time;asp.net,css,html,razor,twitter-bootstrap;0;145;;2013-05-11 04:37:54;1;
7999242;rtp effect side buffer;lan error playback result core quesiton com sequence fillbufferpsample s_false cmd_pause error packet check imediasample command hr s_ok file debugging delay rtspsourcefilteroutputpindobufferprocessingloop code timing function reference_time null streaming onthreadstartplay queue rtp problem hresult decoder mechanism psample getrequest buffer rtadvise deliverpsample version psamplerelease deliverendofstream test rtp number value null timestamp frame image piece start getdeliverybufferpsample false frames cmd_stop order tool time;timestamp,buffer,directshow,rtsp,rtp;0;2293;;2011-11-03 17:26:29;1;"RTSP Source Filter
FillBuffer
FillBuffer
DoBufferProcessingLoop
SetTime
SetMediaTime
FillBuffer
FillBuffer
FillBuffer
SetTime
FillBuffer"
7999264;android array null list;app date temp result edit bottom column_value way dateobjgettime theory date place null_value array line double string d code column_temp cvalueaddcvalue column_date dateobjgettime startdategettime graph cursorgetstringcolumn_date dateobj postformater achartengine cvalue point cursormovetonext calculation doubletostringd screen mm loop curformater statement postformaterformatdateobj simpledateformatyyyy curformaterparsecdate s number value suggestion catch parseexception e order datevalue setting while mathhelper dd double enddategettime cursorgetdoublecolumn_value dvalue datesadddatevalues finalformater list feature cursor cdate list clue issue logigetclassgetsimplename simpledateformat datum;android,arrays,string,list,double;0;754;;2011-11-03 17:27:42;2;
7999296;key date start gorm;key classa point i enddate database way hasone relation d name objecta grail classb startdate class name objectb enddate view date entry domain table constraint someid a b;hibernate,grails,grails-orm,relationship,composite-key;0;314;;2011-11-03 17:30:08;2;
7999299;extension jar jdbc;server connector sense bluej deployment help mysql manifest thank way project jdbc file classloaders end ide directory problem datum jar packaging dependencies machine eclipse plugin student install piece extension concepts folder question path;java,mysql,eclipse,plugins,bluej;1;789;;2011-11-03 17:30:16;2;
1476;literal python;number binary answers summary syntax octal beta literal way integer hex letter o character python answer;python,syntax,binary,integer,literals;411;348170;;2008-08-04 18:20:36;8;"int('01010101111',2)
0b1100111
0B1100111
0o27
0O27
027"
7999319;kernel packet linux;udp a decryption phase message thank packet b ip port statement method b security debug machine security a kernel let purpose b datum socket;c,sockets,networking,linux-kernel,packet;11;18058;;2011-11-03 17:32:09;2;"tcpdump
/proc"
7999320;math commons apache help bracketfinder;shape case parameter point fx constructor argument optimum bracketfinder documentation idea thank way function maxima root practice max bit sinx minima periodicity min brentoptimizer ;math,optimization,numerical-methods,numerical-analysis,apache-commons-math;1;270;;2011-11-03 17:32:11;1;
1505;website icon iphone;website icon;html,ios,iphone,favicon,apple-touch-icon;31;9184;;2008-08-04 19:02:36;1;iPhone
1528;member;hiding ancestor control silverlight base way intellisense wpf class dependency inherit issue designer library operator usability tool member property;c#,wpf,silverlight,polymorphism,dependency-properties;52;35281;;2008-08-04 19:13:54;9;"ICustomTypeDescriptor
ICustomPropertyProvider
new"
1584;iis linux equivalent;lack iis concern developer productivity experience linux lamp equivalent windows shell platform loss;windows,iis,shell,command-line,terminal;21;3553;;2008-08-04 21:04:06;8;
1607;mechanism schema db;server stack environment software php change language control majority database script idea mysql way project linux process apache code method subversion platform backend staging package solution auto scale work version production team task hook schema update db;php,mysql,database,svn,migration;139;45288;;2008-08-04 21:31:40;20;
16493920;partition factor observation level;error p functiondata t roundtrainsizenrowdata observation partdata factorsampleletters createdatapartition phase rep listtrain edit trainsize createdatapartitionasnumericrownamesdata train load dataset code function nrowdata c training null rep isnullfactor partition testing trainindex package in dataasnumericrownamestrain validation representation caret false test datatrainindex factorsamplecapple factor datatrainindex set search trouble returnpartitioneddata false dataframea variable model stopinstall b partitioneddata createdatapartitionfactor level time;r,statistics,partitioning,factors,categorical-data;7;4935;;2013-05-11 05:01:02;1;
25992925;syntax error;error syntaxerror user email valid_email_regex devise activerecordbase rememberable omniauth_provider presence length page end code sign omniauth attr_accessor syntax class zi password_confirmation format password linkedin minimum suggestion wa uniqueness model;ruby-on-rails,ruby,ruby-on-rails-4,devise,omniauth;0;5948;;2014-09-23 10:35:25;1;
7999360;application rate;condition stuff valgrind pthread_cond_wait conflicting os pthread_start svn new_sem_from_pool program mac context thread_start threadhpp rate library system iostream boost boostthread thread mach_msg_trap end boostshared_ptr lib playgroudthreads svn # size int boostdetailheap_new x argv report boostcondition_variablewaitboostunique_lock tool boostmutex error stdendl boostthreaddummytype mainint argc store ubuntu address boostdetailthread_data_base run solution threadrun version boostdetailthread_data malloc boostdetailthread_move_t boostthreadmake_thread_info allocation void offset libsystem_cdylib segment compiler behavior race thread char threadjoin boostdisable_if usr operating gcc application drd boostdetailheap_new_impl operator start boostthreadjoin;c++,multithreading,debugging,valgrind,boost-thread;6;910;;2011-11-03 17:35:12;1;"valgrind --tool=drd
valgrind --tool=drd"
25992949;textarea class img jquery src;textarea class idea trouble srcimagejpg source html text image area jquery href textbox editor textarea classeditor;jquery,image,class,textarea,src;0;849;;2014-09-23 10:37:03;1;
16493956;accordion;typetext sitecss link href#fourth ui jquery diff jqueryuiallcss uijsscript src css script href#second base itemdiv migrate file page third href#third jsfiddle theme problem html fourth # hrefcontent documentreadyfunction accordionaccordion div version jqueryui jquery second stylesheet iow site jsfiddle fiddlestick first relstylesheet idaccordion srcscripts event content update;jquery,css,html,jquery-ui,jquery-ui-accordion;0;849;;2013-05-11 05:08:07;1;
25992986;spring data nosuchmethoderror mongodb;orgmongodbgroupid orghibernategroupid surname email thispassword handler writing data pomxml configartifactid trace junitartifactid thisrole public cglibgroupid snapshot propertie nosuchmethoderror configuration fieldpassword servletservice dependency scope mapper plugin context document return contextartifactid getpassword thisid maven getrole eclipse servlet junitgroupid javaxservlet providedscope versionspringsecurityversionversion spring thank orgapachemavenpluginsgroupid string string d spring getfirstname validatorartifactid root finalname problem configuration lib release dependency orgspringframeworkgroupid security url thissurname orgspringframeworkdatamongodbcoremapping fieldfirstname getsurname mongo cause aslartifactid orgspringframeworkdatamappingmodel versionspringversionversion snapshoturl webmvcartifactid user i error stack case framework downloadsource snapshotid orgspringframeworkdatamongodbcoreconvert artifactid apiartifactid jackson thisemail exception class orgspringframeworksecuritygroupid hibernate repository repositoryname firstname version setrolestring testscope dispatcherservlet taglibsgroupid webartifactid mismatch void webapp libs db java afcrowther compiler getemail standardartifactid downloadjavadoc getid repositorie role driverartifactid orgspringframeworkdatagroupid orgcodehausjacksongroupid name oxmartifactid groupid persistenceconstructor coreartifactid usermodel pluginartifactid mongodb versionjacksonversionversion password dependencie jstlartifactid mongodbartifactid blogfinalname commonsartifactid severe processing edit path;java,spring,mongodb,maven,spring-data;2;1688;;2014-09-23 10:38:46;1;
7999450;object notification;idinitwithframecgrectframe stuff custom example voiddealloc notification voidmytextfielddidchangensnotification uitextfield name object mytextfieldh thought uitextfieldtextdidchangenotification self initwithframe implementation interface selectorselectormytextfielddidchange mytextfield frame observer delegate;objective-c,design-patterns,uitextfield,nsnotifications,uitextfielddelegate;1;135;;2011-11-03 17:41:05;1;UITextField
1898;import structure file data csv;structure way file datum csv;c#,vb.net,file,csv,import;108;70815;;2008-08-05 04:43:22;11;
7999461;resize image nicedit;chrome problem nicedit image frame mce one resize option function editor firefox;javascript,php,html,wysiwyg,nicedit;0;3611;;2011-11-03 17:41:55;2;
2027;value pass reference;value reference question pitfall roadblock course programming language default;language-agnostic,oop,parameters,pass-by-reference,pass-by-value;52;20113;;2008-08-05 08:56:01;11;
2043;filename windows dll; exe programming dll windows access language language string way process file function filename answer solution command dll eg delphi path;windows,delphi,winapi,dll,path;34;10627;;2008-08-05 09:34:49;2;"C:\MyApp\MyApp.exe --help
LoadLibrary"
2056;difference mvc mvp;design pattern view part configure way rad drag interface question issue user presenter tool controller viewmodel model drop;user-interface,model-view-controller,design-patterns,terminology,mvp;2375;574310;;2008-08-05 10:06:33;24;
7999520;image src regex split;srccid tmpimagegifcdefetfdgfdg string split img regex text ewrewrewrimg img tmpimagegif question splittesting;regex,string,image,split,src;0;792;;2011-11-03 17:46:47;1;
7999540;bar html view iphone tab uiview;reservation controller hotel html image view iphone one xcode story application board;iphone,objective-c,xcode,uitableview,uiview;0;1258;;2011-11-03 17:47:27;2;
2222;flex script build ide application;development frontend aka example unit builder runner microarchitecture way nant adobe ide resource cairngorm eclipse application test flex flexunit ant;apache-flex,eclipse,unit-testing,build-automation,cairngorm;18;2762;;2008-08-05 12:52:42;4;
7999591;entity # framework database c wpf data gui;datagrid database problem customer tabs datagrid wpf entry framework tab order application entity database list;c#,wpf,entity-framework,datagrid,entity;1;681;;2011-11-03 17:51:04;1;
2311;server difference va file size ftp;server difference mark ftplib import stylecss ftpstorlinesstor case ftppass ftp_put ftpsendcmd ftpdir ftpdelete script part myserver put cr ftpftpserver file myuser f r python ftpfile exit directory temp lf # size web ftp ftp command va gtest suggestion locfile fclose php;php,python,ftp,webserver,ftplib;46;5801;;2008-08-05 13:40:47;3;
7999612;textboxe value javascript ajax;import onchangeupdateadduser typetext namelname njoinoptionlist xml option methodget cfetchall ajaxuseraddpsp iduseruname dbcursor x tupstr namefname script tupstrrstrip cexecuteselect documentgetelementsbynamename nameemail name code function loadxmldoc var objectkeysfieldsforeachfunction actionadduserpsp input json xml activexobjectmicrosoft mysqldbconnectlocalhost drop c xml xml optionlist forunameusernamelabel text jsonparsejson password xml valuessoption mysqldb window script box xml xml fieldset strtup inputvalue form employee foremailemaillabel label namelabel javascript user forlnamelast xml;javascript,python,html,ajax,xmlhttprequest;0;580;;2011-11-03 17:52:50;1;
16494050;javascript user attribute model tag series;reason app backbone angularjs ul hacky framework couple w endfor rail topwebsiteslength functionality way website page i var json django list javascript html item information jquery i user templating system;javascript,jquery,django,dom,angularjs;0;64;;2013-05-11 05:24:57;2;
16494056;equation operator number;pointer example generator one equation statement function c problem # recursion order number equation clue puzzle operator java digit;c#,java,algorithm,math,equation;-1;1306;;2013-05-11 05:26:31;5;
7999632;report rownumber;error row_number query tablix ssrs select char string clinethid dataset function column firstname problem row_number clienthid client studio hierarchyid intellisense lastname visual return integer rownumber order rownumber by;sql,sql-server-2008,reporting-services,ssrs-2008,row-number;1;503;;2011-11-03 17:54:13;1;"select RowNumber,ClientHId,FirstName,LastName from fuctionClient
""unsopported datatype exception""
#error
cast as integer"
16494000;server mysql query sqlalchemy time;server time databse source_to_port r_re port_no query help second selfport_no database databaseif portion question process strpacketsrc record end d code log sessioncommit prototype object sourcetoportsrc_address columninteger maximum kind class insert mysql sessionaddentry program mechanism src_address echo session entry timetime engine declarative_base table sqlalchemy selfsrc_address coregetlogger sourcetoportbase sessionquerysourcetoportfilter_bysrc_address session number primary_key _ qurie nwtopology performance base basemetadatacreate_allengine i;mysql,sql,sql-server,database-design,sqlalchemy;1;1021;;2013-05-11 05:14:52;1;
25993171;upload image tapatalk implement perl;app post parameter attachment data req documentation lwpuseragentnew detail upload jpeg content ua name sample code input filename directory uploadcgi root plugin type form tapatalk image forumid method_name uarequestreq response upload_url content_type perl;perl,postgresql,file-upload,upload,httprequest;0;99;;2014-09-23 10:48:41;1;
16494029;nsurl portion;nslog public_html nsurl string portion part code look method url rest output program format stringurl url ftp instance urlwithstring public_html update;iphone,ios6,ftp,nsstring,nsurl;13;11414;;2013-05-11 05:20:38;3;"stringByDeletingLastPathComponenet
URLByDeletingLastPathComponent"
